125,Joseph,Testing,1990-01-12,2019-12-01
126,Jose,Testing,1990-09-12,2018-12-01
127,sabu,HR,1997-09-02,2016-05-01
128,John,Developing,1989-01-12,2000-12-01
129,smith,Designing,1987-01-12,2014-01-01
130,Steve,Helpline,1990-01-12,2015-11-01
131,Joseph,Testing,1990-01-12,2019-12-01
132,Jose,Testing,1990-09-12,2018-12-01
133,sabu,HR,1997-09-02,2016-05-01
134,John,Developing,1989-01-12,2000-12-01
135,smith,Designing,1987-01-12,2014-01-01
136,Steve,Helpline,1990-01-12,2015-11-01
137,Joseph,Testing,1990-01-12,2019-12-01
138,Jose,Testing,1990-09-12,2018-12-01
139,sabu,HR,1997-09-02,2016-05-01
140,John,Developing,1989-01-12,2000-12-01
141,smith,Designing,1987-01-12,2014-01-01
142,Steve,Helpline,1990-01-12,2015-11-01
143,smith,Designing,1987-01-12,2014-01-01
144,Steve,Helpline,1990-01-12,2015-11-01